{
    "colors": {
        "background": [0.0, 0.0, 0.0],
        "a_button": [0.0, 0.73725, 0.55686],
        "b_button": [1.0, 0.0, 0.0],
        "x_button": [0.9, 0.9, 0.9],
        "y_button": [0.9, 0.9, 0.9],
        "z_button": [0.33333, 0.0, 0.67843],
        "start_button": [0.9, 0.9, 0.9],
        "main_stick": [0.9, 0.9, 0.9],
        "c_stick": [1.0, 0.89412, 0.0],
        "left_trigger": [0.9, 0.9, 0.9],
        "right_trigger": [0.9, 0.9, 0.9]
    }
}