{
    "colors": {
        "background": [0.0, 0.0, 0.0],
        "main": [0.9, 0.9, 0.9],
        "a_button": [0.0, 0.73725, 0.55686],
        "b_button": [1.0, 0.0, 0.0],
        "z_button": [0.33333, 0.0, 0.67843],
        "c_stick": [1.0, 0.89412, 0.0]
    }
}